Item,Price
Printer,880.06 S.R
Smartphone,2133.83 .SAR
Mouse,2621.82 .S.R
Tablet,933.34 S.R
Speakers,785.62 .ر.س
Charger,2296.33 ر.س
Printer,4916.16 .SAR
Smartwatch,1956.46 .S.R
Keyboard,3232.87 .SAR
Tablet,4540.92 ر.س
External Hard Drive,1091.03 .SAR
Tablet,2045.19 .ر.س
External Hard Drive,3181.07 .ر.س
Drone,2672.79 SAR
Smartwatch,1467.5 .S.R
External Hard Drive,2409.68 S.R
Monitor,3184.76 .S.R
Mouse,1731.24 .ر.س
Monitor,2213.46 S.R
Printer,3097.86 SAR
Camera,3466.15 .ر.س
Printer,910.44 .S.R
Gaming Console,4457.92 ر.س
Drone,3731.96 .SAR
Webcam,2879.58 S.R
Speakers,1488.24 ر.س
Speakers,4915.44 .S.R
Charger,327.07 SAR
Speakers,628.78 ر.س
Monitor,3231.44 ر.س
Monitor,3991.2 .ر.س
Projector,4621.77 ر.س
Drone,4018.6 S.R
Webcam,4778.28 .ر.س
Mouse,2608.78 SAR
Charger,2241.85 ر.س
Keyboard,1687.1 .S.R
Monitor,4685.48 .ر.س
Laptop,3161.13 .S.R
Smartwatch,3748.85 .S.R
Webcam,3744.63 ر.س
Smartphone,3367.16 SAR
Laptop,2112.37 .S.R
Mouse,1345.74 .SAR
Monitor,440.9 S.R
Smartphone,4606.12 .S.R
Charger,951.78 .ر.س
Webcam,4672.62 .S.R
Projector,869.97 .SAR
External Hard Drive,3971.71 SAR
Router,1044.07 S.R
Smartphone,516.94 .S.R
External Hard Drive,544.96 ر.س
Monitor,4162.83 S.R
Drone,964.28 .S.R
Charger,4606.47 .ر.س
Smart TV,2261.82 .SAR
Headphones,4688.96 ر.س
Smartphone,2580.09 S.R
Tablet,606.29 S.R
Speakers,4382.82 .S.R
Charger,4326.56 ر.س
Camera,3824.25 .S.R
USB Flash Drive,930.83 SAR
External Hard Drive,2104.99 .SAR
Gaming Console,4702.57 SAR
Router,152.63 S.R
USB Flash Drive,1386.08 .ر.س
Charger,260.16 S.R
Drone,4708.47 .ر.س
Projector,2331.43 .ر.س
External Hard Drive,2339.92 SAR
Monitor,4151.23 ر.س
Smart TV,1425.6 SAR
Keyboard,4090.99 ر.س
USB Flash Drive,4256.78 .SAR
Projector,1633.97 .S.R
Laptop,3401.78 .ر.س
Camera,676.24 .S.R
Mouse,1409.7 ر.س
Mouse,4895.09 SAR
USB Flash Drive,3011.28 ر.س
Projector,1917.52 S.R
Laptop,4706.36 .ر.س
Charger,4816.21 .ر.س
Tablet,449.71 SAR
Drone,3623.98 SAR
Webcam,1913.08 .ر.س
Monitor,4216.84 .ر.س
Smartphone,4156.26 .ر.س
Charger,1084.21 .S.R
Router,4082.07 S.R
Smartphone,2673.73 SAR
Smartphone,951.5 S.R
Monitor,4857.04 .SAR
Webcam,1564.66 .S.R
Laptop,540.87 S.R
Mouse,2446.93 .SAR
Charger,2769.77 S.R
Drone,2386.14 .S.R
